[{"model": "auth.permission", "pk": 1, "fields": {"name": "Can add log entry", "content_type": 1, "codename": "add_logentry"}}, {"model": "auth.permission", "pk": 2, "fields": {"name": "Can change log entry", "content_type": 1, "codename": "change_logentry"}}, {"model": "auth.permission", "pk": 3, "fields": {"name": "Can delete log entry", "content_type": 1, "codename": "delete_logentry"}}, {"model": "auth.permission", "pk": 4, "fields": {"name": "Can view log entry", "content_type": 1, "codename": "view_logentry"}}, {"model": "auth.permission", "pk": 5, "fields": {"name": "Can add permission", "content_type": 2, "codename": "add_permission"}}, {"model": "auth.permission", "pk": 6, "fields": {"name": "Can change permission", "content_type": 2, "codename": "change_permission"}}, {"model": "auth.permission", "pk": 7, "fields": {"name": "Can delete permission", "content_type": 2, "codename": "delete_permission"}}, {"model": "auth.permission", "pk": 8, "fields": {"name": "Can view permission", "content_type": 2, "codename": "view_permission"}}, {"model": "auth.permission", "pk": 9, "fields": {"name": "Can add group", "content_type": 3, "codename": "add_group"}}, {"model": "auth.permission", "pk": 10, "fields": {"name": "Can change group", "content_type": 3, "codename": "change_group"}}, {"model": "auth.permission", "pk": 11, "fields": {"name": "Can delete group", "content_type": 3, "codename": "delete_group"}}, {"model": "auth.permission", "pk": 12, "fields": {"name": "Can view group", "content_type": 3, "codename": "view_group"}}, {"model": "auth.permission", "pk": 13, "fields": {"name": "Can add user", "content_type": 4, "codename": "add_user"}}, {"model": "auth.permission", "pk": 14, "fields": {"name": "Can change user", "content_type": 4, "codename": "change_user"}}, {"model": "auth.permission", "pk": 15, "fields": {"name": "Can delete user", "content_type": 4, "codename": "delete_user"}}, {"model": "auth.permission", "pk": 16, "fields": {"name": "Can view user", "content_type": 4, "codename": "view_user"}}, {"model": "auth.permission", "pk": 17, "fields": {"name": "Can add content type", "content_type": 5, "codename": "add_contenttype"}}, {"model": "auth.permission", "pk": 18, "fields": {"name": "Can change content type", "content_type": 5, "codename": "change_contenttype"}}, {"model": "auth.permission", "pk": 19, "fields": {"name": "Can delete content type", "content_type": 5, "codename": "delete_contenttype"}}, {"model": "auth.permission", "pk": 20, "fields": {"name": "Can view content type", "content_type": 5, "codename": "view_contenttype"}}, {"model": "auth.permission", "pk": 21, "fields": {"name": "Can add session", "content_type": 6, "codename": "add_session"}}, {"model": "auth.permission", "pk": 22, "fields": {"name": "Can change session", "content_type": 6, "codename": "change_session"}}, {"model": "auth.permission", "pk": 23, "fields": {"name": "Can delete session", "content_type": 6, "codename": "delete_session"}}, {"model": "auth.permission", "pk": 24, "fields": {"name": "Can view session", "content_type": 6, "codename": "view_session"}}, {"model": "auth.permission", "pk": 25, "fields": {"name": "Can add device type", "content_type": 7, "codename": "add_devicetype"}}, {"model": "auth.permission", "pk": 26, "fields": {"name": "Can change device type", "content_type": 7, "codename": "change_devicetype"}}, {"model": "auth.permission", "pk": 27, "fields": {"name": "Can delete device type", "content_type": 7, "codename": "delete_devicetype"}}, {"model": "auth.permission", "pk": 28, "fields": {"name": "Can view device type", "content_type": 7, "codename": "view_devicetype"}}, {"model": "auth.permission", "pk": 29, "fields": {"name": "Can add experiment", "content_type": 8, "codename": "add_experiment"}}, {"model": "auth.permission", "pk": 30, "fields": {"name": "Can change experiment", "content_type": 8, "codename": "change_experiment"}}, {"model": "auth.permission", "pk": 31, "fields": {"name": "Can delete experiment", "content_type": 8, "codename": "delete_experiment"}}, {"model": "auth.permission", "pk": 32, "fields": {"name": "Can view experiment", "content_type": 8, "codename": "view_experiment"}}, {"model": "auth.permission", "pk": 33, "fields": {"name": "Can add location", "content_type": 9, "codename": "add_location"}}, {"model": "auth.permission", "pk": 34, "fields": {"name": "Can change location", "content_type": 9, "codename": "change_location"}}, {"model": "auth.permission", "pk": 35, "fields": {"name": "Can delete location", "content_type": 9, "codename": "delete_location"}}, {"model": "auth.permission", "pk": 36, "fields": {"name": "Can view location", "content_type": 9, "codename": "view_location"}}, {"model": "auth.permission", "pk": 37, "fields": {"name": "Can add running experiment", "content_type": 10, "codename": "add_runningexperiment"}}, {"model": "auth.permission", "pk": 38, "fields": {"name": "Can change running experiment", "content_type": 10, "codename": "change_runningexperiment"}}, {"model": "auth.permission", "pk": 39, "fields": {"name": "Can delete running experiment", "content_type": 10, "codename": "delete_runningexperiment"}}, {"model": "auth.permission", "pk": 40, "fields": {"name": "Can view running experiment", "content_type": 10, "codename": "view_runningexperiment"}}, {"model": "auth.permission", "pk": 41, "fields": {"name": "Can add profile", "content_type": 11, "codename": "add_profile"}}, {"model": "auth.permission", "pk": 42, "fields": {"name": "Can change profile", "content_type": 11, "codename": "change_profile"}}, {"model": "auth.permission", "pk": 43, "fields": {"name": "Can delete profile", "content_type": 11, "codename": "delete_profile"}}, {"model": "auth.permission", "pk": 44, "fields": {"name": "Can view profile", "content_type": 11, "codename": "view_profile"}}, {"model": "auth.permission", "pk": 45, "fields": {"name": "Can add device", "content_type": 12, "codename": "add_device"}}, {"model": "auth.permission", "pk": 46, "fields": {"name": "Can change device", "content_type": 12, "codename": "change_device"}}, {"model": "auth.permission", "pk": 47, "fields": {"name": "Can delete device", "content_type": 12, "codename": "delete_device"}}, {"model": "auth.permission", "pk": 48, "fields": {"name": "Can view device", "content_type": 12, "codename": "view_device"}}, {"model": "auth.permission", "pk": 49, "fields": {"name": "Can add configuration", "content_type": 13, "codename": "add_configuration"}}, {"model": "auth.permission", "pk": 50, "fields": {"name": "Can change configuration", "content_type": 13, "codename": "change_configuration"}}, {"model": "auth.permission", "pk": 51, "fields": {"name": "Can delete configuration", "content_type": 13, "codename": "delete_configuration"}}, {"model": "auth.permission", "pk": 52, "fields": {"name": "Can view configuration", "content_type": 13, "codename": "view_configuration"}}, {"model": "auth.permission", "pk": 53, "fields": {"name": "Can add campaign", "content_type": 14, "codename": "add_campaign"}}, {"model": "auth.permission", "pk": 54, "fields": {"name": "Can change campaign", "content_type": 14, "codename": "change_campaign"}}, {"model": "auth.permission", "pk": 55, "fields": {"name": "Can delete campaign", "content_type": 14, "codename": "delete_campaign"}}, {"model": "auth.permission", "pk": 56, "fields": {"name": "Can view campaign", "content_type": 14, "codename": "view_campaign"}}, {"model": "auth.permission", "pk": 57, "fields": {"name": "Can add rc configuration", "content_type": 15, "codename": "add_rcconfiguration"}}, {"model": "auth.permission", "pk": 58, "fields": {"name": "Can change rc configuration", "content_type": 15, "codename": "change_rcconfiguration"}}, {"model": "auth.permission", "pk": 59, "fields": {"name": "Can delete rc configuration", "content_type": 15, "codename": "delete_rcconfiguration"}}, {"model": "auth.permission", "pk": 60, "fields": {"name": "Can view rc configuration", "content_type": 15, "codename": "view_rcconfiguration"}}, {"model": "auth.permission", "pk": 61, "fields": {"name": "Can add rc line code", "content_type": 16, "codename": "add_rclinecode"}}, {"model": "auth.permission", "pk": 62, "fields": {"name": "Can change rc line code", "content_type": 16, "codename": "change_rclinecode"}}, {"model": "auth.permission", "pk": 63, "fields": {"name": "Can delete rc line code", "content_type": 16, "codename": "delete_rclinecode"}}, {"model": "auth.permission", "pk": 64, "fields": {"name": "Can view rc line code", "content_type": 16, "codename": "view_rclinecode"}}, {"model": "auth.permission", "pk": 65, "fields": {"name": "Can add rc line type", "content_type": 17, "codename": "add_rclinetype"}}, {"model": "auth.permission", "pk": 66, "fields": {"name": "Can change rc line type", "content_type": 17, "codename": "change_rclinetype"}}, {"model": "auth.permission", "pk": 67, "fields": {"name": "Can delete rc line type", "content_type": 17, "codename": "delete_rclinetype"}}, {"model": "auth.permission", "pk": 68, "fields": {"name": "Can view rc line type", "content_type": 17, "codename": "view_rclinetype"}}, {"model": "auth.permission", "pk": 69, "fields": {"name": "Can add rc line", "content_type": 18, "codename": "add_rcline"}}, {"model": "auth.permission", "pk": 70, "fields": {"name": "Can change rc line", "content_type": 18, "codename": "change_rcline"}}, {"model": "auth.permission", "pk": 71, "fields": {"name": "Can delete rc line", "content_type": 18, "codename": "delete_rcline"}}, {"model": "auth.permission", "pk": 72, "fields": {"name": "Can view rc line", "content_type": 18, "codename": "view_rcline"}}, {"model": "auth.permission", "pk": 73, "fields": {"name": "Can add rc clock", "content_type": 19, "codename": "add_rcclock"}}, {"model": "auth.permission", "pk": 74, "fields": {"name": "Can change rc clock", "content_type": 19, "codename": "change_rcclock"}}, {"model": "auth.permission", "pk": 75, "fields": {"name": "Can delete rc clock", "content_type": 19, "codename": "delete_rcclock"}}, {"model": "auth.permission", "pk": 76, "fields": {"name": "Can view rc clock", "content_type": 19, "codename": "view_rcclock"}}, {"model": "auth.permission", "pk": 77, "fields": {"name": "Can add dds configuration", "content_type": 20, "codename": "add_ddsconfiguration"}}, {"model": "auth.permission", "pk": 78, "fields": {"name": "Can change dds configuration", "content_type": 20, "codename": "change_ddsconfiguration"}}, {"model": "auth.permission", "pk": 79, "fields": {"name": "Can delete dds configuration", "content_type": 20, "codename": "delete_ddsconfiguration"}}, {"model": "auth.permission", "pk": 80, "fields": {"name": "Can view dds configuration", "content_type": 20, "codename": "view_ddsconfiguration"}}, {"model": "auth.permission", "pk": 81, "fields": {"name": "Can add jars filter", "content_type": 21, "codename": "add_jarsfilter"}}, {"model": "auth.permission", "pk": 82, "fields": {"name": "Can change jars filter", "content_type": 21, "codename": "change_jarsfilter"}}, {"model": "auth.permission", "pk": 83, "fields": {"name": "Can delete jars filter", "content_type": 21, "codename": "delete_jarsfilter"}}, {"model": "auth.permission", "pk": 84, "fields": {"name": "Can view jars filter", "content_type": 21, "codename": "view_jarsfilter"}}, {"model": "auth.permission", "pk": 85, "fields": {"name": "Can add jars configuration", "content_type": 22, "codename": "add_jarsconfiguration"}}, {"model": "auth.permission", "pk": 86, "fields": {"name": "Can change jars configuration", "content_type": 22, "codename": "change_jarsconfiguration"}}, {"model": "auth.permission", "pk": 87, "fields": {"name": "Can delete jars configuration", "content_type": 22, "codename": "delete_jarsconfiguration"}}, {"model": "auth.permission", "pk": 88, "fields": {"name": "Can view jars configuration", "content_type": 22, "codename": "view_jarsconfiguration"}}, {"model": "auth.permission", "pk": 89, "fields": {"name": "Can add usrp configuration", "content_type": 23, "codename": "add_usrpconfiguration"}}, {"model": "auth.permission", "pk": 90, "fields": {"name": "Can change usrp configuration", "content_type": 23, "codename": "change_usrpconfiguration"}}, {"model": "auth.permission", "pk": 91, "fields": {"name": "Can delete usrp configuration", "content_type": 23, "codename": "delete_usrpconfiguration"}}, {"model": "auth.permission", "pk": 92, "fields": {"name": "Can view usrp configuration", "content_type": 23, "codename": "view_usrpconfiguration"}}, {"model": "auth.permission", "pk": 93, "fields": {"name": "Can add abs active", "content_type": 24, "codename": "add_absactive"}}, {"model": "auth.permission", "pk": 94, "fields": {"name": "Can change abs active", "content_type": 24, "codename": "change_absactive"}}, {"model": "auth.permission", "pk": 95, "fields": {"name": "Can delete abs active", "content_type": 24, "codename": "delete_absactive"}}, {"model": "auth.permission", "pk": 96, "fields": {"name": "Can view abs active", "content_type": 24, "codename": "view_absactive"}}, {"model": "auth.permission", "pk": 97, "fields": {"name": "Can add abs beam", "content_type": 25, "codename": "add_absbeam"}}, {"model": "auth.permission", "pk": 98, "fields": {"name": "Can change abs beam", "content_type": 25, "codename": "change_absbeam"}}, {"model": "auth.permission", "pk": 99, "fields": {"name": "Can delete abs beam", "content_type": 25, "codename": "delete_absbeam"}}, {"model": "auth.permission", "pk": 100, "fields": {"name": "Can view abs beam", "content_type": 25, "codename": "view_absbeam"}}, {"model": "auth.permission", "pk": 101, "fields": {"name": "Can add abs configuration", "content_type": 26, "codename": "add_absconfiguration"}}, {"model": "auth.permission", "pk": 102, "fields": {"name": "Can change abs configuration", "content_type": 26, "codename": "change_absconfiguration"}}, {"model": "auth.permission", "pk": 103, "fields": {"name": "Can delete abs configuration", "content_type": 26, "codename": "delete_absconfiguration"}}, {"model": "auth.permission", "pk": 104, "fields": {"name": "Can view abs configuration", "content_type": 26, "codename": "view_absconfiguration"}}, {"model": "auth.permission", "pk": 105, "fields": {"name": "Can add cgs configuration", "content_type": 27, "codename": "add_cgsconfiguration"}}, {"model": "auth.permission", "pk": 106, "fields": {"name": "Can change cgs configuration", "content_type": 27, "codename": "change_cgsconfiguration"}}, {"model": "auth.permission", "pk": 107, "fields": {"name": "Can delete cgs configuration", "content_type": 27, "codename": "delete_cgsconfiguration"}}, {"model": "auth.permission", "pk": 108, "fields": {"name": "Can view cgs configuration", "content_type": 27, "codename": "view_cgsconfiguration"}}, {"model": "auth.permission", "pk": 109, "fields": {"name": "Can add dds rest configuration", "content_type": 28, "codename": "add_ddsrestconfiguration"}}, {"model": "auth.permission", "pk": 110, "fields": {"name": "Can change dds rest configuration", "content_type": 28, "codename": "change_ddsrestconfiguration"}}, {"model": "auth.permission", "pk": 111, "fields": {"name": "Can delete dds rest configuration", "content_type": 28, "codename": "delete_ddsrestconfiguration"}}, {"model": "auth.permission", "pk": 112, "fields": {"name": "Can view dds rest configuration", "content_type": 28, "codename": "view_ddsrestconfiguration"}}, {"model": "auth.group", "pk": 1, "fields": {"name": "Operator", "permissions": []}}, {"model": "auth.group", "pk": 2, "fields": {"name": "Developer", "permissions": []}}, {"model": "auth.user", "pk": 1, "fields": {"password": "pbkdf2_sha256$24000$6RRL7xETgdgN$ORRPhrITZKzTTZHCm8T+Er6ght415kYKeU7QP3rry5M=", "last_login": null, "is_superuser": true, "username": "admin", "first_name": "Administrador", "last_name": "IDI", "email": "admin@admin.com", "is_staff": true, "is_active": true, "date_joined": "2017-01-12T16:10:24.383", "groups": [], "user_permissions": []}}, {"model": "contenttypes.contenttype", "pk": 1, "fields": {"app_label": "admin", "model": "logentry"}}, {"model": "contenttypes.contenttype", "pk": 2, "fields": {"app_label": "auth", "model": "permission"}}, {"model": "contenttypes.contenttype", "pk": 3, "fields": {"app_label": "auth", "model": "group"}}, {"model": "contenttypes.contenttype", "pk": 4, "fields": {"app_label": "auth", "model": "user"}}, {"model": "contenttypes.contenttype", "pk": 5, "fields": {"app_label": "contenttypes", "model": "contenttype"}}, {"model": "contenttypes.contenttype", "pk": 6, "fields": {"app_label": "sessions", "model": "session"}}, {"model": "contenttypes.contenttype", "pk": 7, "fields": {"app_label": "main", "model": "devicetype"}}, {"model": "contenttypes.contenttype", "pk": 8, "fields": {"app_label": "main", "model": "experiment"}}, {"model": "contenttypes.contenttype", "pk": 9, "fields": {"app_label": "main", "model": "location"}}, {"model": "contenttypes.contenttype", "pk": 10, "fields": {"app_label": "main", "model": "runningexperiment"}}, {"model": "contenttypes.contenttype", "pk": 11, "fields": {"app_label": "main", "model": "profile"}}, {"model": "contenttypes.contenttype", "pk": 12, "fields": {"app_label": "main", "model": "device"}}, {"model": "contenttypes.contenttype", "pk": 13, "fields": {"app_label": "main", "model": "configuration"}}, {"model": "contenttypes.contenttype", "pk": 14, "fields": {"app_label": "main", "model": "campaign"}}, {"model": "contenttypes.contenttype", "pk": 15, "fields": {"app_label": "rc", "model": "rcconfiguration"}}, {"model": "contenttypes.contenttype", "pk": 16, "fields": {"app_label": "rc", "model": "rclinecode"}}, {"model": "contenttypes.contenttype", "pk": 17, "fields": {"app_label": "rc", "model": "rclinetype"}}, {"model": "contenttypes.contenttype", "pk": 18, "fields": {"app_label": "rc", "model": "rcline"}}, {"model": "contenttypes.contenttype", "pk": 19, "fields": {"app_label": "rc", "model": "rcclock"}}, {"model": "contenttypes.contenttype", "pk": 20, "fields": {"app_label": "dds", "model": "ddsconfiguration"}}, {"model": "contenttypes.contenttype", "pk": 21, "fields": {"app_label": "jars", "model": "jarsfilter"}}, {"model": "contenttypes.contenttype", "pk": 22, "fields": {"app_label": "jars", "model": "jarsconfiguration"}}, {"model": "contenttypes.contenttype", "pk": 23, "fields": {"app_label": "usrp", "model": "usrpconfiguration"}}, {"model": "contenttypes.contenttype", "pk": 24, "fields": {"app_label": "abs", "model": "absactive"}}, {"model": "contenttypes.contenttype", "pk": 25, "fields": {"app_label": "abs", "model": "absbeam"}}, {"model": "contenttypes.contenttype", "pk": 26, "fields": {"app_label": "abs", "model": "absconfiguration"}}, {"model": "contenttypes.contenttype", "pk": 27, "fields": {"app_label": "cgs", "model": "cgsconfiguration"}}, {"model": "contenttypes.contenttype", "pk": 28, "fields": {"app_label": "dds_rest", "model": "ddsrestconfiguration"}}, {"model": "sessions.session", "pk": "0gbbf7v42jj1hnncu41jo6ycsyk2pdb0", "fields": {"session_data": ".eJxVjEEOwiAURO_C2hAo8Asu3fcM5MMHqRpISrsy3t026UKXM-_NvJnHbS1-62nxM7Erk-zy2wWMz1QPQA-s98Zjq-syB34o_KSdT43S63a6fwcFe9nXliwhoHIYBtCI0cYhjjpnoJBdAJmdUWZUTgFoKw3ZPaokZJAZhBXs8wX2qjeB:1pL8cJ:c71uVqRD2dyq6zMB618uyYgX2AExT5EFhVLDk4coUEs", "expire_date": "2023-02-09T15:13:03.626"}}, {"model": "sessions.session", "pk": "8b6m1aml3fme0tuvfizyky66zxci9mtt", "fields": {"session_data": ".eJxVjEEOwiAURO_C2hAo8Asu3fcM5MMHqRpISrsy3t026UKXM-_NvJnHbS1-62nxM7Erk-zy2wWMz1QPQA-s98Zjq-syB34o_KSdT43S63a6fwcFe9nXliwhoHIYBtCI0cYhjjpnoJBdAJmdUWZUTgFoKw3ZPaokZJAZhBXs8wX2qjeB:1pL8DX:idd-jeCfl5WCshmv4dtlSjvxYzO6oy1pKkmUZIr2EiA", "expire_date": "2023-02-09T14:47:27.996"}}, {"model": "sessions.session", "pk": "txxqfrajd5hs8lj5452wkiic0n4f6qqv", "fields": {"session_data": ".eJxVjMsOwiAQRf-FtSEO5VFcuvcbCDMDUjWQlHZl_HdD0oVu7znnvkWI-1bC3tMaFhYXAeL0u2GkZ6oD8CPWe5PU6rYuKIciD9rlrXF6XQ_376DEXkYNnp01SAkmq4DJAKmkrWYzW8PoHWcPhC6j1-AmFZ0_Y_ZoZ-U0GfH5AuPAN7g:1pJyK1:GXwUZS2HZyzkLMnW1rrEGLJoYBRgR-qlkQmZjQSDq24", "expire_date": "2023-02-06T10:01:21.134"}}, {"model": "main.profile", "pk": 1, "fields": {"user": 1, "theme": "spacelab"}}, {"model": "main.location", "pk": 1, "fields": {"name": "JRO", "description": ""}}, {"model": "main.location", "pk": 2, "fields": {"name": "JASMET", "description": ""}}, {"model": "main.location", "pk": 3, "fields": {"name": "SOUSY", "description": ""}}, {"model": "main.location", "pk": 4, "fields": {"name": "JULIA", "description": ""}}, {"model": "main.location", "pk": 5, "fields": {"name": "CLAIRE", "description": ""}}, {"model": "main.location", "pk": 6, "fields": {"name": "IDI", "description": ""}}, {"model": "main.devicetype", "pk": 1, "fields": {"name": "rc", "sequence": 55, "description": ""}}, {"model": "main.devicetype", "pk": 2, "fields": {"name": "dds", "sequence": 55, "description": ""}}, {"model": "main.devicetype", "pk": 3, "fields": {"name": "cgs", "sequence": 55, "description": ""}}, {"model": "main.devicetype", "pk": 4, "fields": {"name": "jars", "sequence": 55, "description": ""}}, {"model": "main.devicetype", "pk": 5, "fields": {"name": "abs", "sequence": 55, "description": ""}}, {"model": "main.devicetype", "pk": 6, "fields": {"name": "dds_rest", "sequence": 55, "description": ""}}, {"model": "main.device", "pk": 2, "fields": {"device_type": 1, "location": 1, "ip_address": "0.0.0.0", "port_address": 2000, "description": "asd", "status": 4, "conf_active": 0}}, {"model": "main.device", "pk": 3, "fields": {"device_type": 1, "location": 2, "ip_address": "0.0.0.0", "port_address": 2000, "description": "", "status": 4, "conf_active": 0}}, {"model": "main.device", "pk": 4, "fields": {"device_type": 1, "location": 3, "ip_address": "0.0.0.0", "port_address": 2000, "description": "", "status": 4, "conf_active": 0}}, {"model": "main.device", "pk": 5, "fields": {"device_type": 1, "location": 4, "ip_address": "0.0.0.0", "port_address": 2000, "description": "asd", "status": 4, "conf_active": 0}}, {"model": "main.device", "pk": 6, "fields": {"device_type": 1, "location": 5, "ip_address": "0.0.0.0", "port_address": 2000, "description": "a", "status": 4, "conf_active": 0}}, {"model": "main.device", "pk": 7, "fields": {"device_type": 1, "location": 6, "ip_address": "0.0.0.0", "port_address": 2000, "description": "ad", "status": 4, "conf_active": 0}}, {"model": "main.device", "pk": 8, "fields": {"device_type": 2, "location": 1, "ip_address": "0.0.0.0", "port_address": 2000, "description": "a", "status": 4, "conf_active": 0}}, {"model": "main.device", "pk": 9, "fields": {"device_type": 2, "location": 2, "ip_address": "0.0.0.0", "port_address": 2000, "description": "ds", "status": 4, "conf_active": 0}}, {"model": "main.device", "pk": 10, "fields": {"device_type": 2, "location": 3, "ip_address": "0.0.0.0", "port_address": 2000, "description": "ds", "status": 4, "conf_active": 0}}, {"model": "main.device", "pk": 11, "fields": {"device_type": 2, "location": 4, "ip_address": "0.0.0.0", "port_address": 2000, "description": "asd", "status": 4, "conf_active": 0}}, {"model": "main.device", "pk": 12, "fields": {"device_type": 2, "location": 5, "ip_address": "0.0.0.0", "port_address": 2000, "description": "sd", "status": 4, "conf_active": 0}}, {"model": "main.device", "pk": 13, "fields": {"device_type": 2, "location": 6, "ip_address": "0.0.0.0", "port_address": 2000, "description": "sd", "status": 4, "conf_active": 0}}, {"model": "main.device", "pk": 14, "fields": {"device_type": 3, "location": 1, "ip_address": "0.0.0.0", "port_address": 2000, "description": "<s", "status": 4, "conf_active": 0}}, {"model": "main.device", "pk": 15, "fields": {"device_type": 3, "location": 2, "ip_address": "0.0.0.0", "port_address": 2000, "description": "ds", "status": 4, "conf_active": 0}}, {"model": "main.device", "pk": 16, "fields": {"device_type": 3, "location": 3, "ip_address": "0.0.0.0", "port_address": 2000, "description": "dsa", "status": 4, "conf_active": 0}}, {"model": "main.device", "pk": 17, "fields": {"device_type": 3, "location": 4, "ip_address": "0.0.0.0", "port_address": 2000, "description": "dsa", "status": 4, "conf_active": 0}}, {"model": "main.device", "pk": 18, "fields": {"device_type": 3, "location": 5, "ip_address": "0.0.0.0", "port_address": 2000, "description": "dsa", "status": 4, "conf_active": 0}}, {"model": "main.device", "pk": 19, "fields": {"device_type": 3, "location": 6, "ip_address": "0.0.0.0", "port_address": 2000, "description": "a", "status": 4, "conf_active": 0}}, {"model": "main.device", "pk": 20, "fields": {"device_type": 4, "location": 1, "ip_address": "0.0.0.0", "port_address": 2000, "description": "", "status": 4, "conf_active": 0}}, {"model": "main.device", "pk": 21, "fields": {"device_type": 4, "location": 2, "ip_address": "0.0.0.0", "port_address": 2000, "description": "s", "status": 4, "conf_active": 0}}, {"model": "main.device", "pk": 22, "fields": {"device_type": 4, "location": 3, "ip_address": "0.0.0.0", "port_address": 2000, "description": "ds", "status": 4, "conf_active": 0}}, {"model": "main.device", "pk": 23, "fields": {"device_type": 4, "location": 4, "ip_address": "0.0.0.0", "port_address": 2000, "description": "a", "status": 4, "conf_active": 0}}, {"model": "main.device", "pk": 24, "fields": {"device_type": 4, "location": 5, "ip_address": "0.0.0.0", "port_address": 2000, "description": "ds", "status": 4, "conf_active": 0}}, {"model": "main.device", "pk": 25, "fields": {"device_type": 4, "location": 6, "ip_address": "0.0.0.0", "port_address": 2000, "description": "das", "status": 4, "conf_active": 0}}, {"model": "main.device", "pk": 26, "fields": {"device_type": 5, "location": 1, "ip_address": "0.0.0.0", "port_address": 2000, "description": "ad", "status": 4, "conf_active": 0}}, {"model": "main.device", "pk": 27, "fields": {"device_type": 5, "location": 2, "ip_address": "0.0.0.0", "port_address": 2000, "description": "as", "status": 4, "conf_active": 0}}, {"model": "main.device", "pk": 28, "fields": {"device_type": 5, "location": 2, "ip_address": "0.0.0.0", "port_address": 2000, "description": "ds", "status": 4, "conf_active": 0}}, {"model": "main.device", "pk": 29, "fields": {"device_type": 4, "location": 2, "ip_address": "0.0.0.0", "port_address": 2000, "description": "as", "status": 4, "conf_active": 0}}, {"model": "main.device", "pk": 30, "fields": {"device_type": 5, "location": 3, "ip_address": "0.0.0.0", "port_address": 2000, "description": "ds", "status": 4, "conf_active": 0}}, {"model": "main.device", "pk": 31, "fields": {"device_type": 5, "location": 4, "ip_address": "0.0.0.0", "port_address": 2000, "description": "as", "status": 4, "conf_active": 0}}, {"model": "main.device", "pk": 32, "fields": {"device_type": 5, "location": 5, "ip_address": "0.0.0.0", "port_address": 2000, "description": "sd", "status": 4, "conf_active": 0}}, {"model": "main.device", "pk": 34, "fields": {"device_type": 6, "location": 1, "ip_address": "0.0.0.0", "port_address": 2000, "description": "ds", "status": 4, "conf_active": 0}}, {"model": "main.device", "pk": 35, "fields": {"device_type": 6, "location": 2, "ip_address": "0.0.0.0", "port_address": 2000, "description": "sd", "status": 4, "conf_active": 0}}, {"model": "main.device", "pk": 36, "fields": {"device_type": 5, "location": 3, "ip_address": "0.0.0.0", "port_address": 2000, "description": "a", "status": 4, "conf_active": 0}}, {"model": "main.device", "pk": 37, "fields": {"device_type": 6, "location": 3, "ip_address": "0.0.0.0", "port_address": 2000, "description": "d", "status": 4, "conf_active": 0}}, {"model": "main.device", "pk": 38, "fields": {"device_type": 6, "location": 4, "ip_address": "0.0.0.0", "port_address": 2000, "description": "ds", "status": 4, "conf_active": 0}}, {"model": "main.device", "pk": 39, "fields": {"device_type": 6, "location": 5, "ip_address": "0.0.0.0", "port_address": 2000, "description": "as", "status": 4, "conf_active": 0}}, {"model": "main.device", "pk": 40, "fields": {"device_type": 6, "location": 6, "ip_address": "0.0.0.0", "port_address": 2000, "description": "as", "status": 4, "conf_active": 0}}, {"model": "main.device", "pk": 41, "fields": {"device_type": 5, "location": 6, "ip_address": "192.168.1.254", "port_address": 1994, "description": "", "status": 3, "conf_active": 4}}, {"model": "main.campaign", "pk": 1, "fields": {"template": false, "name": "hola", "start_date": "2023-01-23T10:04:00", "end_date": "2023-01-23T10:04:00", "tags": "asd", "description": "asd", "author": 1, "experiments": []}}, {"model": "main.experiment", "pk": 1, "fields": {"template": false, "name": "ExpPrueba1", "location": 1, "freq": 49.92, "start_time": "00:00:00", "end_time": "23:59:59", "task": "", "status": 4, "author": 1, "hash": ""}}, {"model": "main.configuration", "pk": 2, "fields": {"polymorphic_ctype": 15, "template": true, "device": 6, "label": "asd", "experiment": 1, "type": 0, "created_date": "2023-01-23T12:13:09.562", "programmed_date": "2023-01-23T12:13:09.565", "parameters": "{}", "author": 1, "hash": ""}}, {"model": "main.configuration", "pk": 3, "fields": {"polymorphic_ctype": 26, "template": false, "device": 36, "label": "asddd", "experiment": 1, "type": 0, "created_date": "2023-01-23T12:23:29.468", "programmed_date": "2023-01-23T12:24:11.020", "parameters": "{}", "author": 1, "hash": ""}}, {"model": "main.configuration", "pk": 4, "fields": {"polymorphic_ctype": 26, "template": false, "device": 41, "label": "Test ABS", "experiment": null, "type": 0, "created_date": "2023-01-25T16:47:32.687", "programmed_date": "2023-01-25T16:57:58.919", "parameters": "{}", "author": 1, "hash": "59b4dea6ec8d778e75dd8730cc7776de0cdde0c552b66619bbfc5e821acd8ad9"}}, {"model": "main.configuration", "pk": 5, "fields": {"polymorphic_ctype": 26, "template": false, "device": 41, "label": "Test ABS", "experiment": null, "type": 1, "created_date": "2023-01-25T16:49:43.445", "programmed_date": "2023-01-25T16:49:43.453", "parameters": "{}", "author": 1, "hash": "59b4dea6ec8d778e75dd8730cc7776de0cdde0c552b66619bbfc5e821acd8ad9"}}, {"model": "rc.rcconfiguration", "pk": 2, "fields": {"ipp": 300.0, "ntx": 1, "clock_in": 1.0, "clock_divider": 1, "clock": 1.0, "time_before": 12, "time_after": 1, "sync": 0, "sampling_reference": "begin_baud", "control_tx": true, "control_sw": true, "total_units": 2000, "mix": false}}, {"model": "rc.rclinecode", "pk": 1, "fields": {"name": "None", "bits_per_code": 0, "number_of_codes": 0, "codes": "[]"}}, {"model": "rc.rclinecode", "pk": 2, "fields": {"name": "COMPLEMENTARY_CODE_8", "bits_per_code": 8, "number_of_codes": 2, "codes": "[u'11101101', u'11100010']"}}, {"model": "rc.rclinecode", "pk": 3, "fields": {"name": "BINARY_CODE_28", "bits_per_code": 28, "number_of_codes": 1, "codes": "[u'1101101001000100010001111000']"}}, {"model": "rc.rclinecode", "pk": 4, "fields": {"name": "COMPLEMENTARY_CODE_2", "bits_per_code": 2, "number_of_codes": 2, "codes": "[u'11', u'10']"}}, {"model": "rc.rclinecode", "pk": 5, "fields": {"name": "COMPLEMENTARY_CODE_64", "bits_per_code": 64, "number_of_codes": 2, "codes": "[u'1110110111100010111011010001110111101101111000100001001011100010', u'1110110111100010111011010001110100010010000111011110110100011101']"}}, {"model": "rc.rclinecode", "pk": 6, "fields": {"name": "BARKER11", "bits_per_code": 11, "number_of_codes": 1, "codes": "[u'11100010010']"}}, {"model": "rc.rclinecode", "pk": 7, "fields": {"name": "BARKER13", "bits_per_code": 13, "number_of_codes": 2, "codes": "[u'1111100110101' ]"}}, {"model": "rc.rclinecode", "pk": 8, "fields": {"name": "BINARY_CODE_28_FLIP", "bits_per_code": 28, "number_of_codes": 2, "codes": "[u'1101101001000100010001111000', u'0010010110111011101110000111']"}}, {"model": "rc.rclinecode", "pk": 9, "fields": {"name": "COMPLEMENTARY_CODE_32", "bits_per_code": 32, "number_of_codes": 2, "codes": "[u'11101101111000101110110100011101', u'11101101111000100001001011100010']"}}, {"model": "rc.rclinecode", "pk": 10, "fields": {"name": "AC128", "bits_per_code": 16, "number_of_codes": 128, "codes": "[u'1111000100100101', u'1011001010010111', u'1101001000100000', u'1001000110010010', u'1110001001111011', u'1010000111001001', u'1100000101111110', u'1000001011001100', u'1111101001010110', u'1011100111100100', u'1101100101010011', u'1001101011100001', u'1110100100001000', u'1010101010111010', u'1100101000001101', u'1000100110111111', u'1111010010011100', u'1011011100101110', u'1101011110011001', u'1001010000101011', u'1110011111000010', u'1010010001110000', u'1100010011000111', u'1000011101110101', u'1111111111101111', u'1011110001011101', u'1101110011101010', u'1001111101011000', u'1110110010110001', u'1010111100000011', u'1100111110110100', u'1000110000000110', u'0011111000000011', u'0111110110110001', u'0001110100000110', u'0101111010110100', u'0010110101011101', u'0110111011101111', u'0000111001011000', u'0100110111101010', u'0011010101110000', u'0111011011000010', u'0001011001110101', u'0101010111000111', u'0010011000101110', u'0110010110011100', u'0000010100101011', u'0100011010011001', u'0011101110111010', u'0111100000001000', u'0001100010111111', u'0101101100001101', u'0010100011100100', u'0110101101010110', u'0000101111100001', u'0100100001010011', u'0011000011001001', u'0111001101111011', u'0001001111001100', u'0101000001111110', u'0010001110010111', u'0110000000100101', u'0000000010010010', u'0100001100100000', u'1010110011001110', u'1110111101111100', u'1000111111001011', u'1100110001111001', u'1011111110010000', u'1111110000100010', u'1001110010010101', u'1101111100100111', u'1010011110111101', u'1110010000001111', u'1000010010111000', u'1100011100001010', u'1011010011100011', u'1111011101010001', u'1001011111100110', u'1101010001010100', u'1010100101110111', u'1110101011000101', u'1000101001110010', u'1100100111000000', u'1011101000101001', u'1111100110011011', u'1001100100101100', u'1101101010011110', u'1010001000000100', u'1110000110110110', u'1000000100000001', u'1100001010110011', u'1011000101011010', u'1111001011101000', u'1001001001011111', u'1101000111101101', u'1100100111000110', u'1000101001110100', u'1110101011000011', u'1010100101110001', u'1101101010011000', u'1001100100101010', u'1111100110011101', u'1011101000101111', u'1100001010110101', u'1000000100000111', u'1110000110110000', u'1010001000000010', u'1101000111101011', u'1001001001011001', u'1111001011101110', u'1011000101011100', u'1100110001111111', u'1000111111001101', u'1110111101111010', u'1010110011001000', u'1101111100100001', u'1001110010010011', u'1111110000100100', u'1011111110010110', u'1100011100001100', u'1000010010111110', u'1110010000001001', u'1010011110111011', u'1101010001010010', u'1001011111100000', u'1111011101010111', u'1011010011100101']"}}, {"model": "rc.rclinecode", "pk": 11, "fields": {"name": "COMPLEMENTARY_CODE_128", "bits_per_code": 128, "number_of_codes": 2, "codes": "[u'11101101111000101110110100011101111011011110001000010010111000101110110111100010111011010001110100010010000111011110110100011101', u'11101101111000101110110100011101111011011110001000010010111000100001001000011101000100101110001011101101111000100001001011100010']"}}, {"model": "rc.rclinecode", "pk": 12, "fields": {"name": "COMPLEMENTARY_CODE_16", "bits_per_code": 16, "number_of_codes": 2, "codes": "[u'1110110111100010', u'1110110100011101']"}}, {"model": "rc.rclinecode", "pk": 13, "fields": {"name": "BARKER2", "bits_per_code": 2, "number_of_codes": 1, "codes": "[u'11']"}}, {"model": "rc.rclinecode", "pk": 14, "fields": {"name": "BARKER3", "bits_per_code": 3, "number_of_codes": 1, "codes": "[u'110']"}}, {"model": "rc.rclinecode", "pk": 15, "fields": {"name": "COMPLEMENTARY_CODE_4", "bits_per_code": 4, "number_of_codes": 2, "codes": "[u'1110', u'1101']"}}, {"model": "rc.rclinecode", "pk": 16, "fields": {"name": "BARKER7", "bits_per_code": 7, "number_of_codes": 1, "codes": "[u'1110010']"}}, {"model": "rc.rclinecode", "pk": 17, "fields": {"name": "BARKER4", "bits_per_code": 4, "number_of_codes": 1, "codes": "[u'1101']"}}, {"model": "rc.rclinecode", "pk": 18, "fields": {"name": "BARKER5", "bits_per_code": 5, "number_of_codes": 1, "codes": "[u'11101']"}}, {"model": "rc.rclinecode", "pk": 19, "fields": {"name": "USERDEFINE", "bits_per_code": 0, "number_of_codes": 0, "codes": "[]"}}, {"model": "rc.rclinetype", "pk": 1, "fields": {"name": "tr", "description": "", "params": "{\"TX_ref\": {\"model\": \"RCLine\",  \"value\": \"\"}, \"range\": { \"value\": 0, \"help\": \"Frame numbers or frame ranges separated by commas, use 0 for all frames eg: 1,2,10-15\"}}"}}, {"model": "rc.rclinetype", "pk": 2, "fields": {"name": "tx", "description": "", "params": "{\"pulse_width\":{\"value\": 0, \"widget\":\"dc\"},\r\n \"delays\":{\"value\": \"\", \"widget\":\"km\", \"help\": \"Delay entries separated by commas (TAUs)\"},\r\n \"range\":{\"value\": 0, \"help\": \"Frame numbers or frame ranges separated by commas, use 0 for all frames eg: 1,2,10-15\"}}"}}, {"model": "rc.rclinetype", "pk": 3, "fields": {"name": "codes", "description": "", "params": "{\"TX_ref\": {\"model\": \"RCLine\",  \"value\": \"\"}, \"code\": {\"model\":\"RCLineCode\",\"value\": \"\"}, \"codes\":{\"value\":\"\", \"widget\":\"codes\"}}"}}, {"model": "rc.rclinetype", "pk": 4, "fields": {"name": "windows", "description": "", "params": "{ \"TX_ref\":{\"model\": \"RCLine\",  \"value\": \"\"}, \"params\": {\"first_height\":{ \"value\": 0, \"widget\":\"km\"},\"resolution\": {\"value\": 0, \"widget\":\"km\"}, \"number_of_samples\": { \"value\": 0, \"help\":\"number of samples (NSA)\"}, \"last_height\": { \"value\": 0}}}"}}, {"model": "rc.rclinetype", "pk": 5, "fields": {"name": "sync", "description": "", "params": "{\"invert\":{\"value\": 0, \"help\": \"Set to 1 for synchro pulse at the end\"}}"}}, {"model": "rc.rclinetype", "pk": 6, "fields": {"name": "prog_pulses", "description": "", "params": "{ \"periodic\": { \"value\": 0, \"help\": \"Set to 1 for IPP periodic\"}, \"params\": {\"begin\": { \"value\": 0, \"widget\":\"unit\"}, \"end\": {\"value\": 0, \"widget\":\"unit\"}}}"}}, {"model": "rc.rclinetype", "pk": 7, "fields": {"name": "flip", "description": "", "params": "{\"number_of_flips\": {\"value\": 0}}"}}, {"model": "rc.rclinetype", "pk": 8, "fields": {"name": "none", "description": "", "params": "{}"}}, {"model": "rc.rclinetype", "pk": 9, "fields": {"name": "mix", "description": "", "params": "{}"}}, {"model": "rc.rcclock", "pk": 2, "fields": {"rc_configuration": 2, "mode": true, "multiplier": 60, "divisor": 10, "reference": 1, "frequency": 60.0}}, {"model": "jars.jarsfilter", "pk": 1, "fields": {"name": "49_92MHz_clock60MHz_F1KHz_12_25_2", "clock": 60.0, "multiplier": 5, "frequency": 49.92, "f_decimal": 721554506, "cic_2": 12, "scale_cic_2": 1, "cic_5": 25, "scale_cic_5": 5, "fir": 2, "scale_fir": 3, "number_taps": 4, "taps": "0"}}, {"model": "jars.jarsfilter", "pk": 2, "fields": {"name": "49_920MHz_clock60MHz_F1MHz_10_1_6", "clock": 60.0, "multiplier": 5, "frequency": 49.92, "f_decimal": 721554506, "cic_2": 10, "scale_cic_2": 1, "cic_5": 1, "scale_cic_5": 5, "fir": 6, "scale_fir": 3, "number_taps": 4, "taps": "0"}}, {"model": "abs.absconfiguration", "pk": 3, "fields": {"active_beam": 0, "module_status": "0000000000000000000000000000000000000000000000000000000000000000", "operation_mode": 1, "operation_value": 2.0, "module_messages": "{\"1\": \"Module 1\", \"2\": \"Module 2\", \"3\": \"Module 3\", \"4\": \"Module 4\", \"5\": \"Module 5\", \"6\": \"Module 6\", \"7\": \"Module 7\", \"8\": \"Module 8\", \"9\": \"Module 9\", \"10\": \"Module 10\", \"11\": \"Module 11\", \"12\": \"Module 12\", \"13\": \"Module 13\", \"14\": \"Module 14\", \"15\": \"Module 15\", \"16\": \"Module 16\", \"17\": \"Module 17\", \"18\": \"Module 18\", \"19\": \"Module 19\", \"20\": \"Module 20\", \"21\": \"Module 21\", \"22\": \"Module 22\", \"23\": \"Module 23\", \"24\": \"Module 24\", \"25\": \"Module 25\", \"26\": \"Module 26\", \"27\": \"Module 27\", \"28\": \"Module 28\", \"29\": \"Module 29\", \"30\": \"Module 30\", \"31\": \"Module 31\", \"32\": \"Module 32\", \"33\": \"Module 33\", \"34\": \"Module 34\", \"35\": \"Module 35\", \"36\": \"Module 36\", \"37\": \"Module 37\", \"38\": \"Module 38\", \"39\": \"Module 39\", \"40\": \"Module 40\", \"41\": \"Module 41\", \"42\": \"Module 42\", \"43\": \"Module 43\", \"44\": \"Module 44\", \"45\": \"Module 45\", \"46\": \"Module 46\", \"47\": \"Module 47\", \"48\": \"Module 48\", \"49\": \"Module 49\", \"50\": \"Module 50\", \"51\": \"Module 51\", \"52\": \"Module 52\", \"53\": \"Module 53\", \"54\": \"Module 54\", \"55\": \"Module 55\", \"56\": \"Module 56\", \"57\": \"Module 57\", \"58\": \"Module 58\", \"59\": \"Module 59\", \"60\": \"Module 60\", \"61\": \"Module 61\", \"62\": \"Module 62\", \"63\": \"Module 63\", \"64\": \"Module 64\"}"}}, {"model": "abs.absconfiguration", "pk": 4, "fields": {"active_beam": 2, "module_status": "0000000000000000000000000000000000000000000000000000000000000000", "operation_mode": 0, "operation_value": 10.0, "module_messages": "{\"1\": \"Module 1\", \"2\": \"Module 2\", \"3\": \"Module 3\", \"4\": \"Module 4\", \"5\": \"Module 5\", \"6\": \"Module 6\", \"7\": \"Module 7\", \"8\": \"Module 8\", \"9\": \"Module 9\", \"10\": \"Module 10\", \"11\": \"Module 11\", \"12\": \"Module 12\", \"13\": \"Module 13\", \"14\": \"Module 14\", \"15\": \"Module 15\", \"16\": \"Module 16\", \"17\": \"Module 17\", \"18\": \"Module 18\", \"19\": \"Module 19\", \"20\": \"Module 20\", \"21\": \"Module 21\", \"22\": \"Module 22\", \"23\": \"Module 23\", \"24\": \"Module 24\", \"25\": \"Module 25\", \"26\": \"Module 26\", \"27\": \"Module 27\", \"28\": \"Module 28\", \"29\": \"Module 29\", \"30\": \"Module 30\", \"31\": \"Module 31\", \"32\": \"Module 32\", \"33\": \"Module 33\", \"34\": \"Module 34\", \"35\": \"Module 35\", \"36\": \"Module 36\", \"37\": \"Module 37\", \"38\": \"Module 38\", \"39\": \"Module 39\", \"40\": \"Module 40\", \"41\": \"Module 41\", \"42\": \"Module 42\", \"43\": \"Module 43\", \"44\": \"Module 44\", \"45\": \"Module 45\", \"46\": \"Module 46\", \"47\": \"Module 47\", \"48\": \"Module 48\", \"49\": \"Module 49\", \"50\": \"Module 50\", \"51\": \"Module 51\", \"52\": \"Module 52\", \"53\": \"Module 53\", \"54\": \"Module 54\", \"55\": \"Module 55\", \"56\": \"Module 56\", \"57\": \"Module 57\", \"58\": \"Module 58\", \"59\": \"Module 59\", \"60\": \"Module 60\", \"61\": \"Module 61\", \"62\": \"Module 62\", \"63\": \"Module 63\", \"64\": \"Module 64\"}"}}, {"model": "abs.absconfiguration", "pk": 5, "fields": {"active_beam": 3, "module_status": "0000000000000000000000000000000000000000000000000000000000000000", "operation_mode": 0, "operation_value": 10.0, "module_messages": "{\"1\": \"Module 1\", \"2\": \"Module 2\", \"3\": \"Module 3\", \"4\": \"Module 4\", \"5\": \"Module 5\", \"6\": \"Module 6\", \"7\": \"Module 7\", \"8\": \"Module 8\", \"9\": \"Module 9\", \"10\": \"Module 10\", \"11\": \"Module 11\", \"12\": \"Module 12\", \"13\": \"Module 13\", \"14\": \"Module 14\", \"15\": \"Module 15\", \"16\": \"Module 16\", \"17\": \"Module 17\", \"18\": \"Module 18\", \"19\": \"Module 19\", \"20\": \"Module 20\", \"21\": \"Module 21\", \"22\": \"Module 22\", \"23\": \"Module 23\", \"24\": \"Module 24\", \"25\": \"Module 25\", \"26\": \"Module 26\", \"27\": \"Module 27\", \"28\": \"Module 28\", \"29\": \"Module 29\", \"30\": \"Module 30\", \"31\": \"Module 31\", \"32\": \"Module 32\", \"33\": \"Module 33\", \"34\": \"Module 34\", \"35\": \"Module 35\", \"36\": \"Module 36\", \"37\": \"Module 37\", \"38\": \"Module 38\", \"39\": \"Module 39\", \"40\": \"Module 40\", \"41\": \"Module 41\", \"42\": \"Module 42\", \"43\": \"Module 43\", \"44\": \"Module 44\", \"45\": \"Module 45\", \"46\": \"Module 46\", \"47\": \"Module 47\", \"48\": \"Module 48\", \"49\": \"Module 49\", \"50\": \"Module 50\", \"51\": \"Module 51\", \"52\": \"Module 52\", \"53\": \"Module 53\", \"54\": \"Module 54\", \"55\": \"Module 55\", \"56\": \"Module 56\", \"57\": \"Module 57\", \"58\": \"Module 58\", \"59\": \"Module 59\", \"60\": \"Module 60\", \"61\": \"Module 61\", \"62\": \"Module 62\", \"63\": \"Module 63\", \"64\": \"Module 64\"}"}}, {"model": "abs.absactive", "pk": 1, "fields": {"conf": 4}}, {"model": "abs.absbeam", "pk": 1, "fields": {"name": "Beam", "antenna": "{\"antenna_up\": [[1.0, 0.0, 0.0, 0.0, 0.0, 0.0, 0.0, 0.0], [0.0, 1.5, 0.0, 0.0, 0.0, 0.0, 0.0, 0.0], [0.0, 0.0, 0.0, 1.5, 0.0, 0.0, 0.0, 1.0], [0.0, 0.0, 0.0, 0.0, 0.0, 0.0, 0.0, 0.0], [0.0, 0.0, 0.0, 0.0, 0.0, 0.0, 0.0, 0.0], [0.0, 0.0, 0.0, 0.0, 0.0, 0.0, 0.0, 0.0], [0.0, 0.0, 0.0, 1.5, 0.0, 0.0, 0.0, 1.0], [0.0, 0.0, 0.0, 0.0, 0.0, 0.0, 0.0, 0.0]], \"antenna_down\": [[0.0, 0.0, 0.0, 0.0, 0.0, 0.0, 0.0, 0.0], [0.0, 0.0, 0.0, 0.0, 0.0, 0.0, 0.0, 0.0], [0.0, 0.0, 0.0, 0.0, 0.0, 0.0, 0.0, 0.0], [0.5, 0.0, 0.0, 0.0, 0.5, 0.0, 0.0, 0.0], [0.0, 0.0, 0.0, 0.0, 0.0, 0.0, 0.0, 0.0], [0.0, 0.0, 0.0, 0.0, 0.0, 0.0, 0.0, 0.0], [0.0, 0.0, 0.0, 0.0, 0.0, 0.0, 0.0, 0.0], [0.5, 0.0, 0.0, 0.0, 0.5, 0.0, 0.0, 0.0]]}", "abs_conf": 3, "tx": "{\"up\": [[0, 0, 0, 0, 0, 0, 0, 0], [0, 0, 0, 0, 0, 0, 0, 0], [0, 0, 0, 0, 0, 0, 0, 0], [0, 0, 0, 0, 0, 0, 0, 0], [0, 0, 0, 0, 0, 0, 0, 0], [0, 0, 0, 0, 0, 0, 0, 0], [0, 0, 0, 0, 0, 0, 0, 0], [0, 0, 0, 0, 0, 0, 0, 0]], \"down\": [[0, 0, 0, 0, 0, 0, 0, 0], [0, 0, 0, 0, 0, 0, 0, 0], [0, 0, 0, 0, 0, 0, 0, 0], [0, 0, 0, 0, 0, 0, 0, 0], [0, 0, 0, 0, 0, 0, 0, 0], [0, 0, 0, 0, 0, 0, 0, 0], [0, 0, 0, 0, 0, 0, 0, 0], [0, 0, 0, 0, 0, 0, 0, 0]]}", "rx": "{\"up\": [[0, 0, 0, 0, 0, 0, 0, 0], [0, 0, 0, 0, 0, 0, 0, 0], [0, 0, 0, 0, 0, 0, 0, 0], [0, 0, 0, 0, 0, 0, 0, 0], [0, 0, 0, 0, 0, 0, 0, 0], [0, 0, 0, 0, 0, 0, 0, 0], [0, 0, 0, 0, 0, 0, 0, 0], [0, 0, 0, 0, 0, 0, 0, 0]], \"down\": [[0, 0, 0, 0, 0, 0, 0, 0], [0, 0, 0, 0, 0, 0, 0, 0], [0, 0, 0, 0, 0, 0, 0, 0], [0, 0, 0, 0, 0, 0, 0, 0], [0, 0, 0, 0, 0, 0, 0, 0], [0, 0, 0, 0, 0, 0, 0, 0], [0, 0, 0, 0, 0, 0, 0, 0], [0, 0, 0, 0, 0, 0, 0, 0]]}", "s_time": "00:00:00", "e_time": "23:59:59", "ues": "{\"up\": [0.0, 0.0, 0.0, 0.0], \"down\": [0.0, 0.0, 0.0, 0.0]}", "only_rx": "{\"up\": true, \"down\": true}"}}, {"model": "abs.absbeam", "pk": 2, "fields": {"name": "Beam", "antenna": "{\"antenna_up\": [[0.0, 0.0, 0.0, 0.0, 3.5, 0.0, 0.0, 0.0], [0.0, 0.0, 0.0, 0.0, 0.0, 0.0, 0.0, 0.0], [0.0, 0.0, 0.0, 0.0, 0.0, 0.0, 0.0, 0.0], [0.0, 0.0, 0.0, 0.0, 0.0, 0.0, 0.0, 0.0], [0.0, 0.0, 0.0, 0.0, 0.0, 0.0, 0.0, 0.0], [0.0, 0.0, 0.0, 0.0, 0.0, 0.0, 0.0, 0.0], [0.0, 0.0, 0.0, 0.0, 0.0, 0.0, 0.0, 0.0], [0.0, 0.0, 0.0, 0.0, 0.0, 0.0, 0.0, 0.0]], \"antenna_down\": [[0.0, 0.0, 0.0, 0.0, 3.0, 0.0, 0.0, 0.0], [0.0, 0.0, 0.0, 0.0, 0.0, 0.0, 0.0, 0.0], [0.0, 0.0, 0.0, 0.0, 0.0, 0.0, 0.0, 0.0], [0.0, 0.0, 0.0, 0.0, 0.0, 0.0, 0.0, 0.0], [0.0, 0.0, 0.0, 0.0, 0.0, 0.0, 0.0, 0.0], [0.0, 0.0, 0.0, 0.0, 0.0, 0.0, 0.0, 0.0], [0.0, 0.0, 0.0, 0.0, 0.0, 0.0, 0.0, 0.0], [0.0, 0.0, 0.0, 0.0, 0.0, 0.0, 0.0, 0.0]]}", "abs_conf": 4, "tx": "{\"up\": [[0, 0, 0, 0, 0, 0, 0, 0], [0, 0, 0, 0, 0, 0, 0, 0], [0, 0, 0, 0, 0, 0, 0, 0], [0, 0, 0, 0, 0, 0, 0, 0], [0, 0, 0, 0, 0, 0, 0, 0], [0, 0, 0, 0, 0, 0, 0, 0], [0, 0, 0, 0, 0, 0, 0, 0], [0, 0, 0, 0, 0, 0, 0, 0]], \"down\": [[0, 0, 0, 0, 0, 0, 0, 0], [0, 0, 0, 0, 0, 0, 0, 0], [0, 0, 0, 0, 0, 0, 0, 0], [0, 0, 0, 0, 0, 0, 0, 0], [0, 0, 0, 0, 0, 0, 0, 0], [0, 0, 0, 0, 0, 0, 0, 0], [0, 0, 0, 0, 0, 0, 0, 0], [0, 0, 0, 0, 0, 0, 0, 0]]}", "rx": "{\"up\": [[0, 0, 0, 0, 0, 0, 0, 0], [0, 0, 0, 0, 0, 0, 0, 0], [0, 0, 0, 0, 0, 0, 0, 0], [0, 0, 0, 0, 0, 0, 0, 0], [0, 0, 0, 0, 0, 0, 0, 0], [0, 0, 0, 0, 0, 0, 0, 0], [0, 0, 0, 0, 0, 0, 0, 0], [0, 0, 0, 0, 0, 0, 0, 0]], \"down\": [[0, 0, 0, 0, 0, 0, 0, 0], [0, 0, 0, 0, 0, 0, 0, 0], [0, 0, 0, 0, 0, 0, 0, 0], [0, 0, 0, 0, 0, 0, 0, 0], [0, 0, 0, 0, 0, 0, 0, 0], [0, 0, 0, 0, 0, 0, 0, 0], [0, 0, 0, 0, 0, 0, 0, 0], [0, 0, 0, 0, 0, 0, 0, 0]]}", "s_time": "00:00:00", "e_time": "23:59:59", "ues": "{\"up\": [0.0, 0.0, 0.0, 0.0], \"down\": [0.0, 0.0, 0.0, 0.0]}", "only_rx": "{\"up\": false, \"down\": false}"}}, {"model": "abs.absbeam", "pk": 3, "fields": {"name": "Beam", "antenna": "{\"antenna_up\": [[0.0, 0.0, 0.0, 0.0, 3.5, 0.0, 0.0, 0.0], [0.0, 0.0, 0.0, 0.0, 0.0, 0.0, 0.0, 0.0], [0.0, 0.0, 0.0, 0.0, 0.0, 0.0, 0.0, 0.0], [0.0, 0.0, 0.0, 0.0, 0.0, 0.0, 0.0, 0.0], [0.0, 0.0, 0.0, 0.0, 0.0, 0.0, 0.0, 0.0], [0.0, 0.0, 0.0, 0.0, 0.0, 0.0, 0.0, 0.0], [0.0, 0.0, 0.0, 0.0, 0.0, 0.0, 0.0, 0.0], [0.0, 0.0, 0.0, 0.0, 0.0, 0.0, 0.0, 0.0]], \"antenna_down\": [[0.0, 0.0, 0.0, 0.0, 3.0, 0.0, 0.0, 0.0], [0.0, 0.0, 0.0, 0.0, 0.0, 0.0, 0.0, 0.0], [0.0, 0.0, 0.0, 0.0, 0.0, 0.0, 0.0, 0.0], [0.0, 0.0, 0.0, 0.0, 0.0, 0.0, 0.0, 0.0], [0.0, 0.0, 0.0, 0.0, 0.0, 0.0, 0.0, 0.0], [0.0, 0.0, 0.0, 0.0, 0.0, 0.0, 0.0, 0.0], [0.0, 0.0, 0.0, 0.0, 0.0, 0.0, 0.0, 0.0], [0.0, 0.0, 0.0, 0.0, 0.0, 0.0, 0.0, 0.0]]}", "abs_conf": 5, "tx": "{\"up\": [[0, 0, 0, 0, 0, 0, 0, 0], [0, 0, 0, 0, 0, 0, 0, 0], [0, 0, 0, 0, 0, 0, 0, 0], [0, 0, 0, 0, 0, 0, 0, 0], [0, 0, 0, 0, 0, 0, 0, 0], [0, 0, 0, 0, 0, 0, 0, 0], [0, 0, 0, 0, 0, 0, 0, 0], [0, 0, 0, 0, 0, 0, 0, 0]], \"down\": [[0, 0, 0, 0, 0, 0, 0, 0], [0, 0, 0, 0, 0, 0, 0, 0], [0, 0, 0, 0, 0, 0, 0, 0], [0, 0, 0, 0, 0, 0, 0, 0], [0, 0, 0, 0, 0, 0, 0, 0], [0, 0, 0, 0, 0, 0, 0, 0], [0, 0, 0, 0, 0, 0, 0, 0], [0, 0, 0, 0, 0, 0, 0, 0]]}", "rx": "{\"up\": [[0, 0, 0, 0, 0, 0, 0, 0], [0, 0, 0, 0, 0, 0, 0, 0], [0, 0, 0, 0, 0, 0, 0, 0], [0, 0, 0, 0, 0, 0, 0, 0], [0, 0, 0, 0, 0, 0, 0, 0], [0, 0, 0, 0, 0, 0, 0, 0], [0, 0, 0, 0, 0, 0, 0, 0], [0, 0, 0, 0, 0, 0, 0, 0]], \"down\": [[0, 0, 0, 0, 0, 0, 0, 0], [0, 0, 0, 0, 0, 0, 0, 0], [0, 0, 0, 0, 0, 0, 0, 0], [0, 0, 0, 0, 0, 0, 0, 0], [0, 0, 0, 0, 0, 0, 0, 0], [0, 0, 0, 0, 0, 0, 0, 0], [0, 0, 0, 0, 0, 0, 0, 0], [0, 0, 0, 0, 0, 0, 0, 0]]}", "s_time": "00:00:00", "e_time": "23:59:59", "ues": "{\"up\": [0.0, 0.0, 0.0, 0.0], \"down\": [0.0, 0.0, 0.0, 0.0]}", "only_rx": "{\"up\": false, \"down\": false}"}}]